{"cameraMode":{"drawMode":0,"name":"Shaded","section":"Shading Mode"},"sceneLighting":false,"audioPlay":false,"sceneViewState":{"showFog":true,"showMaterialUpdate":false,"showSkybox":false,"showFlares":true,"showImageEffects":true,"showParticleSystems":true,"showVisualEffectGraphs":true,"m_FxEnabled":true},"in2DMode":false,"pivot":{"x":241.66607666015626,"y":202.4495849609375,"z":7.79315185546875},"rotation":{"x":-0.008690346963703633,"y":0.00149427424184978,"z":0.000012251472981006373,"w":0.9999673962593079},"size":192.5973663330078,"orthographic":false}