{"cameraMode":{"drawMode":0,"name":"Shaded","section":"Shading Mode"},"sceneLighting":true,"audioPlay":false,"sceneViewState":{"showFog":true,"showMaterialUpdate":false,"showSkybox":true,"showFlares":true,"showImageEffects":true,"showParticleSystems":true,"showVisualEffectGraphs":true,"m_FxEnabled":true},"in2DMode":false,"pivot":{"x":-6.876513957977295,"y":-0.2966868281364441,"z":40.56654357910156},"rotation":{"x":0.01980193331837654,"y":0.023986687883734704,"z":-0.00047099392395466566,"w":0.9995333552360535},"size":20.843711853027345,"orthographic":false}