{"cameraMode":{"drawMode":0,"name":"Shaded","section":"Shading Mode"},"sceneLighting":true,"audioPlay":false,"sceneViewState":{"showFog":true,"showMaterialUpdate":false,"showSkybox":true,"showFlares":true,"showImageEffects":true,"showParticleSystems":true,"showVisualEffectGraphs":true,"m_FxEnabled":true},"in2DMode":false,"pivot":{"x":-6.1834611892700199,"y":0.4335484504699707,"z":-48.036434173583987},"rotation":{"x":-0.021463923156261445,"y":-0.9542349576950073,"z":0.07055725902318955,"w":-0.2901870310306549},"size":2.771333932876587,"orthographic":false}