{"cameraMode":{"drawMode":0,"name":"Shaded","section":"Shading Mode"},"sceneLighting":true,"audioPlay":false,"sceneViewState":{"showFog":true,"showMaterialUpdate":false,"showSkybox":true,"showFlares":true,"showImageEffects":true,"showParticleSystems":true,"showVisualEffectGraphs":true,"m_FxEnabled":true},"in2DMode":false,"pivot":{"x":-2.740297555923462,"y":-0.4033123254776001,"z":-53.23716354370117},"rotation":{"x":0.013295135460793972,"y":-0.2725026607513428,"z":0.003729478921741247,"w":0.9620965123176575},"size":0.4388035535812378,"orthographic":false}