{"cameraMode":{"drawMode":0,"name":"Shaded","section":"Shading Mode"},"sceneLighting":true,"audioPlay":false,"sceneViewState":{"showFog":true,"showMaterialUpdate":false,"showSkybox":true,"showFlares":true,"showImageEffects":true,"showParticleSystems":true,"showVisualEffectGraphs":true,"m_FxEnabled":true},"in2DMode":false,"pivot":{"x":-24.913562774658204,"y":1.11065673828125,"z":-49.858673095703128},"rotation":{"x":-0.017715077847242357,"y":0.9822814464569092,"z":-0.13372933864593507,"w":-0.13011839985847474},"size":0.9620720744132996,"orthographic":false}