{"cameraMode":{"drawMode":0,"name":"Shaded","section":"Shading Mode"},"sceneLighting":true,"audioPlay":false,"sceneViewState":{"showFog":true,"showMaterialUpdate":false,"showSkybox":true,"showFlares":true,"showImageEffects":true,"showParticleSystems":true,"showVisualEffectGraphs":true,"m_FxEnabled":true},"in2DMode":false,"pivot":{"x":-4.535116195678711,"y":-0.14605146646499635,"z":-54.014747619628909},"rotation":{"x":0.07141274958848953,"y":-0.8647093772888184,"z":0.12825153768062592,"w":0.48057904839515688},"size":2.592219114303589,"orthographic":false}