{"cameraMode":{"drawMode":0,"name":"Shaded","section":"Shading Mode"},"sceneLighting":true,"audioPlay":false,"sceneViewState":{"showFog":true,"showMaterialUpdate":false,"showSkybox":true,"showFlares":true,"showImageEffects":true,"showParticleSystems":true,"showVisualEffectGraphs":true,"m_FxEnabled":true},"in2DMode":false,"pivot":{"x":-12.357576370239258,"y":-0.20241117477416993,"z":-14.61167049407959},"rotation":{"x":0.006298601161688566,"y":-0.06147124245762825,"z":0.00035281796590425074,"w":0.9981279373168945},"size":7.0996904373168949,"orthographic":false}