{"cameraMode":{"drawMode":0,"name":"Shaded","section":"Shading Mode"},"sceneLighting":false,"audioPlay":false,"sceneViewState":{"showFog":true,"showMaterialUpdate":false,"showSkybox":false,"showFlares":true,"showImageEffects":true,"showParticleSystems":true,"showVisualEffectGraphs":true,"m_FxEnabled":true},"in2DMode":false,"pivot":{"x":-0.0877222865819931,"y":-0.16671986877918244,"z":0.037692680954933169},"rotation":{"x":-0.31951698660850527,"y":0.39713484048843386,"z":-0.149745911359787,"w":-0.8472855687141419},"size":0.5347996950149536,"orthographic":false}