{"cameraMode":{"drawMode":0,"name":"Shaded","section":"Shading Mode"},"sceneLighting":false,"audioPlay":false,"sceneViewState":{"showFog":true,"showMaterialUpdate":false,"showSkybox":false,"showFlares":true,"showImageEffects":true,"showParticleSystems":true,"showVisualEffectGraphs":true,"m_FxEnabled":true},"in2DMode":false,"pivot":{"x":-0.28906765580177309,"y":0.13608771562576295,"z":-0.6656054854393005},"rotation":{"x":-0.28272485733032229,"y":0.6626616716384888,"z":-0.6255804300308228,"w":-0.2995258867740631},"size":0.37013351917266848,"orthographic":false}