{"cameraMode":{"drawMode":0,"name":"Shaded","section":"Shading Mode"},"sceneLighting":false,"audioPlay":false,"sceneViewState":{"showFog":true,"showMaterialUpdate":false,"showSkybox":false,"showFlares":true,"showImageEffects":true,"showParticleSystems":true,"showVisualEffectGraphs":true,"m_FxEnabled":true},"in2DMode":false,"pivot":{"x":0.12657290697097779,"y":0.12486062943935394,"z":-0.18397337198257447},"rotation":{"x":0.07210230827331543,"y":-0.4589565396308899,"z":0.03739694505929947,"w":0.8847935795783997},"size":0.5389844179153442,"orthographic":false}