{"cameraMode":{"drawMode":0,"name":"Shaded","section":"Shading Mode"},"sceneLighting":false,"audioPlay":false,"sceneViewState":{"showFog":true,"showMaterialUpdate":false,"showSkybox":false,"showFlares":true,"showImageEffects":true,"showParticleSystems":true,"showVisualEffectGraphs":true,"m_FxEnabled":true},"in2DMode":false,"pivot":{"x":-0.06944221258163452,"y":0.511476993560791,"z":-0.43278491497039797},"rotation":{"x":0.09166424721479416,"y":-0.019421948119997979,"z":0.001791344489902258,"w":0.9956132173538208},"size":1.2725772857666016,"orthographic":false}