{"cameraMode":{"drawMode":0,"name":"Shaded","section":"Shading Mode"},"sceneLighting":false,"audioPlay":false,"sceneViewState":{"showFog":true,"showMaterialUpdate":false,"showSkybox":false,"showFlares":true,"showImageEffects":true,"showParticleSystems":true,"showVisualEffectGraphs":true,"m_FxEnabled":true},"in2DMode":false,"pivot":{"x":-0.17423290014266969,"y":0.18312957882881165,"z":-0.3215058445930481},"rotation":{"x":0.07471177726984024,"y":0.11788410693407059,"z":-0.008893486112356186,"w":0.9901856184005737},"size":0.4323802590370178,"orthographic":false}