{"cameraMode":{"drawMode":0,"name":"Shaded","section":"Shading Mode"},"sceneLighting":false,"audioPlay":false,"sceneViewState":{"showFog":true,"showMaterialUpdate":false,"showSkybox":false,"showFlares":true,"showImageEffects":true,"showParticleSystems":true,"showVisualEffectGraphs":true,"m_FxEnabled":true},"in2DMode":false,"pivot":{"x":-0.4020000100135803,"y":0.20350000262260438,"z":-0.503000020980835},"rotation":{"x":0.09166424721479416,"y":-0.019421948119997979,"z":0.001791344489902258,"w":0.9956132173538208},"size":0.07257726788520813,"orthographic":false}